"A1.3EPJ1.101,A1.3EPJ2.101","MS504-001,MS504-002,MS521-001,MS517-001,MS517-002,MX505-001,MX522-001,MX522-002,MW523-001"
"A1.3EPJ1.102,A1.3EPJ2.102","MX600-001,MS616ST-001,MX661-001,MX662-001,MW663-001,MX620ST-001,MW621ST-001,MH680-001"
"A1.3EPJ1.601,A1.3EPJ2.103","GP20-001"
"A1.3EPJ1.602,A1.3EPJ2.104","W770ST-001,W1070-001,W1080ST-001,W1500-001"
"A1.3EPJ1.603,A1.3EPJ2.105","W7500-001"
"A1.3EPJ1.604,A1.3EPJ2.106","MX819ST-001,MX823ST-001,MW821ST-001,MW820ST-001,MW817ST-001,MW824ST-001,MW870UST-001,MW851UST-001,MX822ST-001"
"A1.3EPJ1.605,A1.3EPJ2.107","LW61ST-001"
"A1.3EPJ1.606,A1.3EPJ2.108","MX701-001,MX703-001,MX720-001,MW721-001,MX722-001,MX768-001,MW769-001,MX766-001,MW767-001,MH740-001"
"A1.3EPJ1.607,A1.3EPJ2.601","SX912-001,SW916-001,SX914-001,SH910-001"
"A1.3EPJ1.608,A1.3EPJ2.602","SH940-001,SH960-001,SH963-001"
"A1.3EPJ1.609,A1.3EPJ2.603","PW9500-001,PX9600-001"
"A1.3ELM1.001,A1.3ELM2.001","GW2255-001"
"A1.3ELM1.002,A1.3ELM2.002","VW2235H-001,GL2460HM-001"
"A1.3ELM1.003,A1.3ELM2.003","VW2430H-001,EW2440L-001,RL2460HT-001,RL2455HM-001,XL2411Z-001,GL2760H-001,GW2760HS-001,GW2750HM-001"
"A1.3ELM1.004,A1.3ELM2.004","EW2740L-001,XL2420Z-001"
"A1.3ELM1.501,A1.3ELM2.501","XL2720Z-001"
"A1.3ELM1.502,A1.3ELM2.502","BL2710PT-001"
"A1.3ELM1.503,A1.3ELM2.503","PG2401PT-001,BL3200PT-001"

