BENQ ITEM NO,UPC
47.J8104.001,8400460-1053-9
4G.J2C15.001,8400460-2027-9
59.J0B01.CG1,8400460-1293-9
59.J0C01.CG1,8400460-1160-4
59.J8101.CG1,8400460-0941-0
59.J8401.CG1,8400460-0971-7
59.J9301.CG1,8400460-0938-0
59.J9401.CG1,8400460-0937-3
59.J9901.CG1,8400460-0940-3
5F.26J0B.001,8400460-3042-1
5H.J1801.001,8400460-1717-0
5H.J3A01.001,8400460-2107-8
5H.J3C01.001,8400460-2437-6
5H.J3R01.001,8400460-2114-6
5H.J3S01.001,8400460-2113-9
5H.J4201.001,8400460-2077-4
5H.J5E01.001,8400460-2507-6
5H.J5F01.001,8400460-2505-2
5H.J5N01.001,8400460-2506-9
5H.J6D77.13E,8400460-2477-2
5H.J6F77.13E,8400460-2476-5
5H.J6K01.001,8400460-2528-1
5H.J6L01.001,8400460-2530-4
5H.J6S01.001,8400460-2665-3
5H.J6X01.001,8400460-2529-8
5H.J7L01.001,8400460-2810-7
5H.J8G01.001,8400460-2664-6
5H.J9H01.001,8400460-3177-0
5H.J9J01.001,8400460-3190-9
5H.JA101.001,8400460-3014-8
5H.JA201.001,8400460-2972-2
5H.JA301.001,8400460-3015-5
5H.JAW01.001,8400460-3034-6
5H.JC201.001,8400460-3031-5
5H.JCF01.001,8400460-3182-4
5H.JCF02.001,8400460-3256-2
5H.JCG01.001,8400460-3181-7
5H.JCH01.001,8400460-3180-0
5H.JD801.001,8400460-3288-3
5J.00S01.001,8400460-1635-7
5J.01201.001,8400460-1746-0
5J.04J05.001,8400460-3376-7
5J.05Q01.001,8400460-1872-6
5J.05Q06.001,8400460-1740-8
5J.06001.001,8400460-1894-8
5J.06W01.001,8400460-1909-9
5J.07E01.001,8400460-1911-2
5J.08001.001,8400460-1891-7
5J.08G01.001,8400460-1910-5
5J.BQA09.001,8400460-3305-7
5J.BQA10.ACD,8400460-3220-3
5J.BQA14.002,8400460-3393-4
5J.BQA32.001,8400460-9732-5
5J.F0414.001,8400460-2941-8
5J.F0414.011,8400460-2945-6
5J.F0714.001,8400460-2947-0
5J.F0G06.001,8400460-3023-0
5J.F0G14.001,8400460-2946-3
5J.F0S06.001,8400460-3185-5
5J.F0T06.001,8400460-3112-1
5J.F1206.001,8400460-3258-6
5J.F1606.001,8400460-3250-0
5J.F1C14.NA1,8400460-3174-9
5J.F1T06.001,8400460-3338-5
5J.F1W06.001,8400460-3331-6
5J.F2710.001,8400460-3316-3
5J.F2710.011,8400460-3315-6
5J.F2710.021,8400460-3314-9
5J.F2710.031,8400460-3313-2
5J.J0105.001,8400460-1511-4
5J.J0405.001,8400460-1685-2
5J.J0409.001,8400460-1985-3
5J.J0605.001,8400460-2117-7
5J.J0612.001,8400460-2258-7
5J.J0612.002,8400460-2316-4
5J.J0614.021,8400460-2188-7
5J.J0614.A01,8400460-2203-7
5J.J0614.A11,8400460-2233-4
5J.J0614.A21,8400460-2268-6
5J.J0614.E11,8400460-2232-7
5J.J0614.L21,8400460-2273-0
5J.J0626.A01,8400460-2461-1
5J.J0626.A11,8400460-2456-7
5J.J0626.A21,8400460-2738-4
5J.J0626.T01,8400460-2457-4
5J.J0705.001,8400460-1839-9
5J.J0A05.001,8400460-1701-9
5J.J0A06.001,8400460-1967-9
5J.J0T05.001,8400460-1686-9
5J.J0T06.001,8400460-1895-5
5J.J0T10.001,8400460-2090-3
5J.J0T14.001,8400460-2012-5
5J.J0T14.011,8400460-2083-5
5J.J0W05.001,8400460-1840-5
5J.J1806.001,8400460-1837-5
5J.J1809.001,8400460-1836-8
5J.J1814.011,8400460-2034-7
5J.J1M02.001,8400460-1624-1
5J.J1P06.011,8400460-2145-0
5J.J1R03.001,8400460-1606-7
5J.J1S01.001,8400460-1599-2
5J.J1U06.001,8400460-2011-8
5J.J1V05.001,8400460-1705-7
5J.J1X05.001,8400460-1838-2
5J.J1X06.001,8400460-1999-0
5J.J1X09.001,8400460-2000-2
5J.J1Y01.001,8400460-1857-3
5J.J2605.001,8400460-1706-4
5J.J2606.001,8400460-1983-9
5J.J2805.001,8400460-1972-3
5J.J2806.001,8400460-2068-2
5J.J2A01.001,8400460-1870-2
5J.J2C01.001,8400460-1770-5
5J.J2D05.001,8400460-1688-3
5J.J2D05.011,8400460-1689-0
5J.J2G01.001,8400460-1625-8
5J.J2H01.001,8400460-1691-3
5J.J2K02.001,8400460-1845-0
5J.J2K06.001,8400460-1776-7
5J.J2N05.011,8400460-2120-7
5J.J2N09.001,8400460-2031-6
5J.J2S05.001,8400460-1982-2
5J.J2S06.001,8400460-2008-8
5J.J2V05.001,8400460-2118-4
5J.J2V06.001,8400460-2135-1
5J.J2V09.001,8400460-2092-7
5J.J2V09.011,8400460-2393-5
5J.J3905.001,8400460-2409-3
5J.J3906.001,8400460-2510-6
5J.J3925.001,8400460-2441-3
5J.J3A05.001,8400460-2104-7
5J.J3A07.001,8400460-2119-1
5J.J3A10.001,8400460-2314-0
5J.J3A10.011,8400460-2438-3
5J.J3C01.001,8400460-2085-9
5J.J3C06.001,8400460-2475-8
5J.J3C09.001,8400460-2474-1
5J.J3F06.001,8400460-2731-5
5J.J3F09.001,8400460-2732-2
5J.J3F14.001,8400460-2539-7
5J.J3F28.A01,8400460-2750-6
5J.J3G06.001,8400460-2208-2
5J.J3H06.001,8400460-2882-4
5J.J3H09.001,8400460-2931-9
5J.J3J05.001,8400460-2102-3
5J.J3K05.001,8400460-2196-2
5J.J3L05.001,8400460-2103-0
5J.J3N06.001,8400460-2191-7
5J.J3S05.001,8400460-2109-2
5J.J3S06.001,8400460-2174-0
5J.J3T05.001,8400460-2105-4
5J.J3T06.001,8400460-2159-7
5J.J3T09.001,8400460-2184-9
5J.J3V05.001,8400460-2106-1
5J.J4105.001,8400460-2081-1
5J.J4106.001,8400460-2219-8
5J.J4D05.001,8400460-2110-8
5J.J4G05.001,8400460-2178-8
5J.J4G06.001,8400460-2265-5
5J.J4J05.001,8400460-2177-1
5J.J4J06.001,8400460-2374-4
5J.J4L05.001,8400460-2259-4
5J.J4L05.021,8400460-2331-7
5J.J4L06.001,8400460-2338-6
5J.J4N05.001,8400460-2260-0
5J.J4N06.001,8400460-2346-1
5J.J4N09.001,8400460-2345-4
5J.J4N10.001,8400460-2532-8
5J.J4R05.001,8400460-2262-4
5J.J4R06.001,8400460-2397-3
5J.J4R09.001,8400460-2449-9
5J.J4R10.001,8400460-2315-7
5J.J4R10.011,8400460-2607-3
5J.J4S05.001,8400460-2329-4
5J.J4S06.001,8400460-2347-8
5J.J4V05.001,8400460-2261-7
5J.J4V06.001,8400460-2356-0
5J.J4V10.001,8400460-2313-3
5J.J4V10.011,8400460-2606-6
5J.J4W07.001,8400460-2815-2
5J.J5105.001,8400460-2267-9
5J.J5109.001,8400460-2389-8
5J.J5205.001,8400460-2263-1
5J.J5206.001,8400460-2330-0
5J.J5405.001,8400460-2266-2
5J.J5406.001,8400460-2355-3
5J.J5E05.001,8400460-2337-9
5J.J5E06.001,8400460-2396-6
5J.J5R05.001,8400460-2391-1
5J.J5R06.011,8400460-2416-1
5J.J5V09.001,8400460-2490-1
5J.J5X05.001,8400460-2390-4
5J.J5X06.001,8400460-2445-1
5J.J6326.A11,8400460-2424-6
5J.J6806.001,8400460-2420-8
5J.J6809.001,8400460-2419-2
5J.J6D05.001,8400460-2610-3
5J.J6E05.001,8400460-2577-9
5J.J6H05.001,8400460-2485-7
5J.J6H06.001,8400460-2524-3
5J.J6L05.001,8400460-2669-1
5J.J6L06.001,8400460-2712-4
5J.J6N05.001,8400460-2670-7
5J.J6N06.001,8400460-2725-4
5J.J6P05.001,8400460-2671-4
5J.J6R05.001,8400460-2575-5
5J.J6R06.001,8400460-2726-1
5J.J6S05.001,8400460-2673-8
5J.J6V05.001,8400460-2511-3
5J.J7C05.001,8400460-2546-5
5J.J7C06.001,8400460-2592-2
5J.J7K05.001,8400460-2600-4
5J.J7K06.001,8400460-2728-5
5J.J7K25.001,8400460-2615-8
5J.J7L05.001,8400460-2609-7
5J.J7L25.001,8400460-2921-0
5J.J7L25.002,8400460-2970-8
5J.J7N06.001,8400460-2729-2
5J.J7N28.A01,8400460-2796-4
5J.J7P05.001,8400460-2932-6
5J.J7T05.001,8400460-2655-4
5J.J8805.001,8400460-2985-2
5J.J8806.001,8400460-2937-1
5J.J8809.001,8400460-3138-1
5J.J8A05.001,8400460-2643-1
5J.J8A06.001,8400460-2724-7
5J.J8C05.001,8400460-2642-4
5J.J8C05.002,8400460-2812-1
5J.J8C14.001,8400460-2719-3
5J.J8C14.002,8400460-2722-3
5J.J8C14.003,8400460-2721-6
5J.J8E05.001,8400460-2650-9
5J.J8E06.001,8400460-2727-8
5J.J8E10.001,8400460-2897-8
5J.J8E26.A01,8400460-2661-5
5J.J8E26.A11,8400460-2689-9
5J.J8E26.E01,8400460-2659-2
5J.J8E26.E11,8400460-2690-5
5J.J8F05.001,8400460-2718-6
5J.J8F09.001,8400460-2909-8
5J.J8G05.001,8400460-2672-1
5J.J8J05.001,8400460-2808-4
5J.J8K05.001,8400460-2557-1
5J.J8L26.10E,8400460-3078-0
5J.J8L26.11E,8400460-3235-7
5J.J8L26.20E,8400460-3049-0
5J.J8M05.011,8400460-3028-5
5J.J8M10.001,8400460-3037-7
5J.J8W05.001,8400460-2816-9
5J.J8Y09.001,8400460-2842-8
5J.J9205.001,8400460-2852-7
5J.J9A05.001,8400460-2826-8
5J.J9A26.001,8400460-2841-1
5J.J9A26.10E,8400460-2845-9
5J.J9A26.11E,8400460-2845-9
5J.J9A26.12E,8400460-3147-3
5J.J9E05.001,8400460-2817-6
5J.J9H05.001,8400460-3083-4
5J.J9H25.001,8400460-3189-3
5J.J9H28.001,8400460-3120-6
5J.J9H28.A01,8400460-3143-5
5J.J9H28.A02,8400460-3143-5
5J.J9H28.E01,8400460-3142-8
5J.J9M06.001,8400460-2952-4
5J.J9R05.001,8400460-2964-7
5J.J9T06.001,8400460-2940-1
5J.J9V05.001,8400460-3003-2
5J.J9V06.001,8400460-2939-5
5J.J9W05.001,8400460-2872-5
5J.JA105.001,8400460-2901-2
5J.JA606.001,8400460-2953-1
5J.JA705.001,8400460-2984-5
5J.JA805.001,8400460-3122-0
5J.JAC05.001,8400460-2900-5
5J.JAC06.001,8400460-2938-8
5J.JAD05.001,8400460-3005-6
5J.JAD06.001,8400460-2955-5
5J.JAG05.001,8400460-2925-8
5J.JAG06.001,8400460-2954-8
5J.JAG27.01E,8400460-2649-3
5J.JAH05.001,8400460-2923-4
5J.JAM05.001,8400460-2948-7
5J.JAM06.001,8400460-2949-4
5J.JAM10.001,8400460-3013-1
5J.JAM14.001,8400460-3044-5
5J.JAM14.011,8400460-3045-2
5J.JAM14.021,8400460-3046-9
5J.JAM37.001,8400460-2962-3
5J.JAM37.011,8400460-2961-6
5J.JAM37.021,8400460-2960-9
5J.JAM37.031,8400460-2959-3
5J.JAM37.041,8400460-2958-6
5J.JAM37.051,8400460-2957-9
5J.JAM37.061,8400460-3001-8
5J.JAR05.001,8400460-3006-3
5J.JC205.001,8400460-3035-3
5J.JC505.001,8400460-3281-4
5J.JC705.001,8400460-3073-5
5J.JC706.001,8400460-3070-4
5J.JC714.001,8400460-3072-8
5J.JCA05.001,8400460-2980-7
5J.JCA10.001,8400460-3102-2
5J.JCK28.A01,8400460-3205-0
5J.JCM05.001,8400460-3091-9
5J.JCM09.001,8400460-3137-4
5J.JCT05.001,8400460-3124-4
5J.JCV05.001,8400460-3123-7
5J.JCY10.001,8400460-3161-9
5J.JD305.001,8400460-3136-7
5J.JDM05.001,8400460-3260-9
5J.JDP05.001,8400460-3268-5
5J.JEA05.001,8400460-3327-9
5J.JEC05.001,8400460-3407-8
5J.JEE05.001,8400460-3255-5
5J.JEG05.001,8400460-3176-3
5J.JEL05.001,8400460-3341-5
5J.L2D06.001,8400460-2518-2
5J.L6C06.001,8400460-2513-7
5J.L7W14.001,8400460-2755-1
5J.L7W14.002,8400460-2753-7
5J.L7X14.001,8400460-2754-4
5J.LE710.001,8400460-3389-7
5J.Y1405.001,8400460-1514-5
5J.Y1605.001,8400460-1500-8
5J.Y1B05.001,8400460-1564-0
5J.Y1E05.001,8400460-1501-5
5J.Y1H05.011,8400460-1566-4
5J.Y1H06.001,8400460-1584-8
60.J2104.CG1,8400460-0445-3
60.J2203.CB1,8400460-0451-4
60.J3207.CB1,8400460-0170-4
60.J3416.CG1,8400460-0163-6
60.J3503.CB1,8400460-0447-7
60.J5016.CB1,8400460-0452-1
60.J8618.CG1,8400460-0559-7
60.PRJAC.X02,8400460-9607-6
65.J0H07.CG1,8400460-1908-2
6K.J1B21.001,8400460-1374-5
98.J2407.001,8400460-0332-6
99.B4G13.0C3,8400460-0962-5
99.J9677.B5A,8400460-0867-3
99.J9877.BS2,8400460-0863-5
99.J9977.BS2,8400460-0864-2
99.L0G72.ASA,8400460-0667-9
99.L0G72.GSA,8400460-0786-7
99.L0G72.RSA,8400460-0786-7
99.L1J72.SBA,8400460-1139-0
99.L1K72.ASA,8400460-1180-2
99.L8372.RSA,8400460-0646-4
99.M06CA.U2D,8400460-0691-4
99.M3575.BAV,8400460-1213-7
99.P0K8A.U3D,8400460-0997-7
99.P0K8A.U5D,8400460-0998-4
99.P0U81.U31,8400460-0809-3
99.Q4488.U1U,8400460-0782-9
9E.08001.001,8400460-1922-8
9E.0C101.001,8400460-1947-1
9E.0C101.011,8400460-1948-8
9E.0CG03.001,8400460-1955-6
9E.Y1301.001,8400460-1954-9
9H.04J77.27A,8400460-3374-3
9H.0BHLB.DBA,8400460-1950-1
9H.0BJLB.DBA,8400460-1952-5
9H.0C4LB.DBA,8400460-1949-5
9H.0CG77.Q5A,8400460-1918-1
9H.0CG77.Q6A,8400460-1918-1
9H.0F9LB.QBA,8400460-1938-9
9H.0FHLL.LBA,8400460-9649-6
9H.E05AS.V01,8400460-1892-4
9H.F04PQ.NA2,8400460-2878-7
9H.F05PQ.NA2,8400460-3085-8
9H.F06PQ.NA2,8400460-3040-7
9H.F07PQ.NA2,8400460-2885-5
9H.F07PQ.NE2,8400460-2885-5
9H.F07PQ.NE4,8400460-2885-5
9H.F09PM.NA4,8400460-2883-1
9H.F09PM.NA6,8400460-2883-1
9H.F09PQ.NA2,8400460-2883-1
9H.F0APM.NA3,8400460-2876-3
9H.F0APQ.NA2,8400460-2876-3
9H.F0FTM.NE2,8400460-3038-4
9H.F0GPQ.NA2,8400460-2702-5
9H.F0KPQ.NA2,8400460-2915-9
9H.F0NPM.NA2,8400460-2978-4
9H.F0NPM.NC2,8400460-2978-4
9H.F0PPM.NE1,8400460-3016-2
9H.F0STP.NE2,8400460-3050-6
9H.F0TTB.NA2,8400460-3026-1
9H.F0YTM.NE2,8400460-3094-0
9H.F0YTM.NE4,8400460-3094-0
9H.F12TC.RA2,8400460-3187-9
9H.F13PB.NA1,8400460-3156-5
9H.F14PU.NA1,8400460-3159-6
9H.F14PU.NAD,8400460-3381-1
9H.F14PU.NAR,8400460-3380-4
9H.F14PU.NAU,8400460-3382-8
9H.F14PU.NAZ,8400460-3383-5
9H.F15PB.NA1,8400460-3157-2
9H.F16PU.NA1,8400460-3160-2
9H.F16PU.NAD,8400460-3378-1
9H.F16PU.NAR,8400460-3377-4
9H.F16PU.NAU,8400460-3391-0
9H.F16PU.NAZ,8400460-3379-8
9H.F17PU.NA1,8400460-3162-6
9H.F18PU.NA1,8400460-3165-7
9H.F19PU.NA2,8400460-3166-4
9H.F1APU.NA1,8400460-3169-5
9H.F1CPU.NA1,8400460-3167-1
9H.F1EPU.NA1,8400460-3168-8
9H.F1PPM.NC1,8400460-3261-6
9H.F1TTK.RA2,8400460-3213-5
9H.F1TTK.RA4,8400460-3213-5
9H.F1VTK.DE2,8400460-3246-3
9H.F1WTK.DA2,8400460-3269-2
9H.F1XTK.DE2,8400460-3270-8
9H.F27PU.NA1,8400460-3230-2
9H.F27PU.NAD,8400460-3385-9
9H.F27PU.NAR,8400460-3384-2
9H.F27PU.NAU,8400460-3386-6
9H.F27PU.NAZ,8400460-3387-3
9H.F28PU.NA1,8400460-3292-0
9H.F2FTC.RE2,8400460-3336-1
9H.F2HTK.RE2,8400460-3257-9
9H.H0KAM.A01,8400460-3186-2
9H.H0KAM.A02,8400460-3227-2
9H.H0KAM.A03,8400460-3311-8
9H.H0KAM.A04,8400460-3310-1
9H.J0177.F3A,8400460-1557-2
9H.J0177.F4A,8400460-1557-2
9H.J0477.Q4A,8400460-1571-8
9H.J0577.Q4A,8400460-1572-5
9H.J0677.34A,8400460-2402-4
9H.J0677.F4A,8400460-1573-2
9H.J0777.D3A,8400460-1574-9
9H.J0A77.Q3A,8400460-1577-0
9H.J0T77.Q3A,8400460-1603-6
9H.J0T77.Q4A,8400460-1603-6
9H.J0W77.D7A,8400460-1602-9
9H.J1877.F9A,8400460-1631-9
9H.J1H77.Q3A,8400460-1642-5
9H.J1H77.Q4A,8400460-1642-5
9H.J1L77.Q3A,8400460-1649-4
9H.J1P77.Q4A,8400460-1679-1
9H.J1T77.Q3A,8400460-1680-7
9H.J1U77.D7A,8400460-1604-3
9H.J1V77.Q3A,8400460-1681-4
9H.J1X77.D3A,8400460-1682-1
9H.J2677.Q8A,8400460-1683-8
9H.J2877.Q6A,8400460-2025-5
9H.J2D77.Q5A,8400460-1687-6
9H.J2D77.Q6A,8400460-1687-6
9H.J2D77.Q7A,8400460-1687-6
9H.J2N77.D5A,8400460-1800-9
9H.J2S77.F3A,8400460-1990-7
9H.J2T77.F3A,8400460-1989-1
9H.J2V77.F4A,8400460-2180-1
9H.J2Y77.Q4A,8400460-2010-1
9H.J3177.Q3A,8400460-2024-8
9H.J3977.17A,8400460-2741-4
9H.J3977.18A,8400460-2354-6
9H.J3977.1ZA,8400460-2741-4
9H.J3A77.13A,8400460-2163-4
9H.J3C77.39A,8400460-2352-2
9H.J3C77.39Z,8400460-2720-9
9H.J3F77.19A,8400460-2590-8
9H.J3G77.13A,8400460-2069-9
9H.J3H77.17A,8400460-2814-5
9H.J3H77.19A,8400460-2814-5
9H.J3J77.14A,8400460-2045-3
9H.J3K77.14A,8400460-2041-5
9H.J3K77.14P,8400460-2041-5
9H.J3L77.14A,8400460-2042-2
9H.J3L77.14L,8400460-2042-2
9H.J3L77.14P,8400460-2042-2
9H.J3M77.14A,8400460-2039-2
9H.J3N77.14A,8400460-2044-6
9H.J3R77.33A,8400460-2112-2
9H.J3S77.33A,8400460-2111-5
9H.J3T77.13A,8400460-2049-1
9H.J3V77.13A,8400460-2050-7
9H.J3V77.13L,8400460-2050-7
9H.J4177.14A,8400460-2175-7
9H.J4277.13A,8400460-2171-9
9H.J4277.13L,8400460-2171-9
9H.J4477.13A,8400460-2071-2
9H.J4477.13L,8400460-2071-2
9H.J4677.13A,8400460-2070-5
9H.J4D77.Q6A,8400460-2082-8
9H.J4E77.D8A,8400460-2088-0
9H.J4G77.37A,8400460-2134-4
9H.J4H77.27A,8400460-2181-8
9H.J4J77.35A,8400460-2173-3
9H.J4J77.35L,8400460-2173-3
9H.J4K77.33A,8400460-2217-4
9H.J4L77.16A,8400460-2244-0
9H.J4L77.16L,8400460-2244-0
9H.J4L77.16Z,8400460-2797-1
9H.J4N77.13A,8400460-2562-5
9H.J4N77.14A,8400460-2231-0
9H.J4P77.13A,8400460-2561-8
9H.J4P77.13L,8400460-2561-8
9H.J4P77.14A,8400460-2230-3
9H.J4R77.14A,8400460-2264-8
9H.J4R77.34A,8400460-2235-8
9H.J4S77.14A,8400460-2241-9
9H.J4V77.13A,8400460-2564-9
9H.J4V77.14A,8400460-2229-7
9H.J4W77.13A,8400460-2563-2
9H.J4W77.14A,8400460-2228-0
9H.J4X77.37A,8400460-2221-1
9H.J5177.27A,8400460-2246-4
9H.J5177.27L,8400460-2246-4
9H.J5277.13A,8400460-2242-6
9H.J5377.13A,8400460-2243-3
9H.J5477.27A,8400460-2247-1
9H.J5777.27A,8400460-2245-7
9H.J5D77.13A,8400460-2291-4
9H.J5D77.13Z,8400460-2682-0
9H.J5E77.33A,8400460-2324-9
9H.J5F77.33A,8400460-2325-6
9H.J5L77.34A,8400460-2824-4
9H.J5L77.36A,8400460-2328-7
9H.J5N77.33A,8400460-2344-7
9H.J5P77.36A,8400460-2343-0
9H.J5R77.13A,8400460-2351-5
9H.J5V77.14A,8400460-2369-0
9H.J5V77.14E,8400460-2369-0
9H.J5W77.14A,8400460-2370-6
9H.J5W77.14E,8400460-2370-6
9H.J5X77.13A,8400460-2384-3
9H.J6177.13A,8400460-2386-7
9H.J6177.14A,8400460-2560-1
9H.J6377.34A,8400460-2411-6
9H.J6878.A3A,8400460-2410-9
9H.J6D77.13A,8400460-2471-0
9H.J6D77.13L,8400460-2471-0
9H.J6E77.13A,8400460-2472-7
9H.J6F77.13A,8400460-2473-4
9H.J6H77.12L,8400460-2538-0
9H.J6K77.35A,8400460-2493-2
9H.J6L77.33A,8400460-2494-9
9H.J6L77.33Z,8400460-2792-6
9H.J6M77.14A,8400460-2496-3
9H.J6N77.16A,8400460-2495-6
9H.J6P77.15A,8400460-2497-0
9H.J6R77.34A,8400460-2486-4
9H.J6S77.13A,8400460-2487-1
9H.J6T77.33A,8400460-2488-8
9H.J6V77.13A,8400460-2489-5
9H.J6W77.13A,8400460-2492-5
9H.J6X77.33A,8400460-2531-1
9H.J7377.14A,8400460-2502-1
9H.J7377.14E,8400460-2502-1
9H.J7377.14L,8400460-2502-1
9H.J7477.15A,8400460-2801-5
9H.J7477.33A,8400460-2503-8
9H.J7877.13A,8400460-2504-5
9H.J7E77.33A,8400460-2541-0
9H.J7L77.17A,8400460-2570-0
9H.J7L77.17E,8400460-2570-0
9H.J7L77.17W,8400460-3154-1
9H.J7L77.17Z,8400460-2860-2
9H.J7M77.17A,8400460-2571-7
9H.J7M77.17E,8400460-2571-7
9H.J7M77.17L,8400460-2571-7
9H.J7P77.17A,8400460-2995-1
9H.J7P77.37A,8400460-2573-1
9H.J7P77.37E,8400460-2573-1
9H.J7S77.27A,8400460-2614-1
9H.J7T77.13A,8400460-2620-2
9H.J8877.26A,8400460-2890-9
9H.J8A77.15A,8400460-2638-7
9H.J8A77.15E,8400460-2638-7
9H.J8C77.15A,8400460-2639-4
9H.J8C77.15E,8400460-2639-4
9H.J8D77.14A,8400460-2646-2
9H.J8D77.34A,8400460-2681-3
9H.J8E77.13A,8400460-2647-9
9H.J8F77.33A,8400460-2700-1
9H.J8G77.13A,8400460-2652-3
9H.J8J77.13A,8400460-2662-2
9H.J8K77.15A,8400460-2646-2
9H.J8K77.16A,8400460-2646-2
9H.J8L77.24A,8400460-3029-2
9H.J8L77.26A,8400460-3149-7
9H.J8L77.34A,8400460-2556-4
9H.J8M77.13A,8400460-2554-0
9H.J8M77.23A,8400460-3027-8
9H.J8M77.25A,8400460-3148-0
9H.J8M77.33A,8400460-2554-0
9H.J8W77.18A,8400460-2733-9
9H.J8Y77.17A,8400460-2793-3
9H.J8Y77.17E,8400460-2793-3
9H.J9277.16A,8400460-2800-8
9H.J9D77.16A,8400460-2806-0
9H.J9E77.17A,8400460-2807-7
9H.J9E77.18A,8400460-2981-4
9H.J9F77.34A,8400460-2809-1
9H.J9H77.18G,8400460-3271-5
9H.J9H77.18W,8400460-3118-3
9H.J9J77.18W,8400460-3119-0
9H.J9R77.11A,8400460-2855-8
9H.J9R77.11L,8400460-2855-8
9H.J9R77.13A,8400460-2855-8
9H.J9R77.14A,8400460-2855-8
9H.J9S77.13A,8400460-2856-5
9H.J9S77.14A,8400460-2856-5
9H.J9T77.13A,8400460-2857-2
9H.J9V77.13A,8400460-2858-9
9H.J9V77.13L,8400460-2858-9
9H.J9W77.13A,8400460-2848-0
9H.JA177.34A,8400460-2869-5
9H.JA277.34A,8400460-2873-2
9H.JA377.34A,8400460-2875-6
9H.JA477.13A,8400460-2880-0
9H.JA477.14A,8400460-2880-0
9H.JA677.25A,8400460-2888-6
9H.JA677.27A,8400460-2888-6
9H.JA777.26A,8400460-2891-6
9H.JA777.28A,8400460-2891-6
9H.JA977.34A,8400460-2894-7
9H.JAA77.34A,8400460-2895-4
9H.JAA77.35A,8400460-2895-4
9H.JAC77.13A,8400460-2898-5
9H.JAD77.13A,8400460-2899-2
9H.JAG77.13A,8400460-2608-0
9H.JAH77.14A,8400460-2576-2
9H.JAH77.15A,8400460-2576-2
9H.JAM77.26E,8400460-2966-1
9H.JAN77.26E,8400460-2965-4
9H.JAR77.13A,8400460-2951-7
9H.JAT77.23A,8400460-2968-5
9H.JAW77.13A,8400460-2989-0
9H.JAW77.14A,8400460-2989-0
9H.JC277.14A,8400460-3018-6
9H.JC377.12A,8400460-3163-3
9H.JC677.13A,8400460-3053-7
9H.JC677.24A,8400460-3283-8
9H.JC777.26E,8400460-3068-1
9H.JC877.26E,8400460-3069-8
9H.JC977.26E,8400460-3075-9
9H.JCA77.13A,8400460-2079-8
9H.JCC77.13A,8400460-2226-6
9H.JCF77.13A,8400460-3076-6
9H.JCF77.13L,8400460-3076-6
9H.JCF77.14A,8400460-3254-8
9H.JCG77.13A,8400460-3077-3
9H.JCG77.14A,8400460-3077-3
9H.JCG77.14L,8400460-3077-3
9H.JCH77.11A,8400460-3079-7
9H.JCH77.13A,8400460-3079-7
9H.JCK77.19A,8400460-3084-1
9H.JCM77.23A,8400460-3089-6
9H.JCN77.23A,8400460-3090-2
9H.JCS77.14A,8400460-3095-7
9H.JCT77.35A,8400460-3096-4
9H.JCV77.33A,8400460-3097-1
9H.JCY77.26E,8400460-3107-7
9H.JD577.16A,8400460-3139-8
9H.JD777.33A,8400460-3178-7
9H.JD877.33A,8400460-3179-4
9H.JD977.33A,8400460-3183-1
9H.JDA77.23A,8400460-3101-5
9H.JDF77.26E,8400460-3232-6
9H.JDK77.26E,8400460-3237-1
9H.JDL77.26E,8400460-3238-8
9H.JDN77.14A,8400460-3252-4
9H.JDP77.15A,8400460-3265-4
9H.JDR77.15A,8400460-3266-1
9H.JDS77.15A,8400460-3267-8
9H.JDT77.24A,8400460-3277-7
9H.JE177.13A,8400460-3285-2
9H.JE277.13A,8400460-3229-6
9H.JEA77.24A,8400460-3312-5
9H.JEC77.13A,8400460-3317-0
9H.JEE77.17G,8400460-3398-9
9H.JEE77.17W,8400460-3301-9
9H.JEF77.27A,8400460-3329-3
9H.JEG77.15A,8400460-3322-4
9H.JEH77.15A,8400460-3323-1
9H.JEL77.33A,8400460-3339-2
9H.JEM77.13A,8400460-3357-6
9H.L07LB.QBA,8400460-1600-5
9H.L07LN.IBA,8400460-1600-5
9H.L08LB.QBA,8400460-1637-1
9H.L0LLA.TBA,8400460-1592-3
9H.L0LLN.IBA,8400460-1592-3
9H.L0LLN.UBA,8400460-1791-0
9H.L17LA.TPA,8400460-1730-9
9H.L1LLB.QBA,8400460-1719-4
9H.L1PLA.TBA,8400460-1965-5
9H.L1WLN.IBA,8400460-1966-2
9H.L1XLB.QWA,8400460-1897-9
9H.L28LN.IWA,8400460-1901-3
9H.L2DLN.IBA,8400460-1992-1
9H.L2WLA.TBA,8400460-1920-4
9H.L2WLB.QBA,8400460-1920-4
9H.L3ALB.QBA,8400460-1896-2
9H.L3ALB.QPA,8400460-2021-7
9H.L3JLB.QBA,8400460-2004-0
9H.L3RLN.IBA,8400460-2015-6
9H.L3XLB.QBA,8400460-2009-5
9H.L4ALN.IBA,8400460-2020-0
9H.L4CLB.QBA,8400460-2019-4
9H.L4DLB.QBA,8400460-2023-1
9H.L4GLB.QBA,8400460-2033-0
9H.L4HLA.TBA,8400460-2089-7
9H.L4KLB.QBA,8400460-2108-5
9H.L4MLA.TBA,8400460-2062-0
9H.L4MLN.IBA,8400460-2062-0
9H.L4NLN.IBA,8400460-2064-4
9H.L4RLB.ZBA,8400460-2211-2
9H.L4WLA.ZBA,8400460-2193-1
9H.L4XLB.QBA,8400460-2146-7
9H.L5JLA.TBA,8400460-2124-5
9H.L5JLB.QBA,8400460-2124-5
9H.L5KLN.IBA,8400460-2125-2
9H.L5NLB.QBA,8400460-2043-9
9H.L6CLB.QPA,8400460-2282-2
9H.L6RLA.T8L,8400460-2358-4
9H.L6RLB.Q8A,8400460-2358-4
9H.L6RLB.QPA,8400460-2668-4
9H.L6TLA.T8A,8400460-2365-2
9H.L6TLB.Q8A,8400460-2365-2
9H.L6VLB.QPA,8400460-2350-8
9H.L6XLB.HPA,8400460-2740-7
9H.L7ALA.DPA,8400460-2362-1
9H.L7ALA.RPA,8400460-2362-1
9H.L7ALA.TPA,8400460-2362-1
9H.L7ALA.YPA,8400460-2362-1
9H.L7ALB.DPA,8400460-2362-1
9H.L7CLA.4BA,8400460-3088-9
9H.L7CLA.DBA,8400460-2368-3
9H.L7CLA.TBA,8400460-2368-3
9H.L7CLB.DBA,8400460-2368-3
9H.L7CLB.HBA,8400460-2847-3
9H.L7CLB.QBA,8400460-2368-3
9H.L7GLB.QBA,8400460-2394-2
9H.L7NLA.TBA,8400460-2359-1
9H.L7NLB.QBA,8400460-2359-1
9H.L7PLB.DBA,8400460-2892-3
9H.L7PLB.QBA,8400460-2407-9
9H.L7RLB.QBA,8400460-2516-8
9H.L7TLB.DYA,8400460-3039-1
9H.L7WFQ.QBA,8400460-2602-8
9H.L7WFQ.QBE,8400460-2602-8
9H.L7XFQ.QBA,8400460-2418-5
9H.L7YFQ.QBA,8400460-2601-1
9H.L8CLB.QPA,8400460-2444-4
9H.L8GLB.HBA,8400460-2436-9
9H.L8JLB.Q8A,8400460-2565-6
9H.L8JLB.QPA,8400460-2691-2
9H.L8LLA.TPA,8400460-2567-0
9H.L8LLB.QPA,8400460-2567-0
9H.L8NLB.DBA,8400460-2568-7
9H.L8NLB.QBA,8400460-2568-7
9H.L8NLB.RBA,8400460-2568-7
9H.L8PLA.TPA,8400460-2589-2
9H.L8PLB.DPA,8400460-2589-2
9H.L8PLB.QPA,8400460-2589-2
9H.L8RLB.DBA,8400460-2588-5
9H.L8RLB.QBA,8400460-2588-5
9H.L8WFQ.QBA,8400460-2555-7
9H.L99LA.RBA,8400460-2657-8
9H.L99LA.TBA,8400460-2657-8
9H.L9JLB.QBA,8400460-2623-3
9H.L9JLB.RBA,8400460-2623-3
9H.L9MLB.QWA,8400460-2756-8
9H.L9NLB.RBA,8400460-2757-5
9H.L9PLB.DWA,8400460-2553-3
9H.L9PLB.QWA,8400460-2553-3
9H.L9PLB.RWA,8400460-2553-3
9H.L9SLB.RBA,8400460-3056-8
9H.LA1LB.D8A,8400460-2811-4
9H.LA2LA.TPA,8400460-2819-0
9H.LA2LB.DPA,8400460-2819-0
9H.LA2LB.QPA,8400460-2819-0
9H.LA4LB.DBA,8400460-2976-0
9H.LA4LB.QBA,8400460-2820-6
9H.LA4LB.RBA,8400460-3004-9
9H.LA5LB.QBA,8400460-2846-6
9H.LA7LB.RBA,8400460-2822-0
9H.LA7LB.RBL,8400460-2822-0
9H.LA9LB.DBA,8400460-2839-8
9H.LA9LB.QBA,8400460-2839-8
9H.LAALB.QBA,8400460-2844-2
9H.LAALB.RBA,8400460-2844-2
9H.LAFLB.DBA,8400460-2843-5
9H.LAFLB.QBA,8400460-2843-5
9H.LAGLB.QBA,8400460-2942-5
9H.LAGLB.QYA,8400460-3188-6
9H.LANLB.DWA,8400460-2558-8
9H.LANLB.RWA,8400460-2558-8
9H.LASLA.RBA,8400460-3099-5
9H.LC3LB.QBA,8400460-3010-0
9H.LC5LB.QBA,8400460-3109-1
9H.LC5LB.RBA,8400460-3025-4
9H.LC6LB.QBA,8400460-3024-7
9H.LC8LA.RBA,8400460-3048-3
9H.LC8LA.RBL,8400460-3048-3
9H.LC8LA.TBA,8400460-3048-3
9H.LCELA.TBA,8400460-3074-2
9H.LCFLB.2BA,8400460-3152-7
9H.LCFLB.QBA,8400460-3103-9
9H.LCHLB.QBA,8400460-3100-8
9H.LCSLB.QBA,8400460-3108-4
9H.LD1LB.QBA,8400460-3150-3
9H.LD2LB.QBA,8400460-3193-0
9H.LD8LB.QBA,8400460-3206-7
9H.LDCLB.QBA,8400460-3264-7
9H.LDELB.QBA,8400460-3358-3
9H.LDKLB.QBA,8400460-3289-0
9H.LDLLA.TBA,8400460-3297-5
9H.LDMLA.TBA,8400460-3296-8
9H.LDMLB.QBA,8400460-3296-8
9H.LDPLA.TBA,8400460-3298-2
9H.LDWLB.Q5A,8400460-3330-9
9H.LE3LA.TBA,8400460-3332-3
9H.LE5LB.QPA,8400460-3334-7
9H.LE7LB.QBA,8400460-3337-8
9H.W1KQD.AQ1,8400460-2789-6
9H.W1KQD.AQ2,8400460-2788-9
9H.W1KQD.AQ3,8400460-2787-2
9H.W1KQD.AQ4,8400460-2790-2
9H.W1KQD.AQ5,8400460-2785-8
9H.W1KQD.EQ9,8400460-2803-9
9H.W1KQD.WQ1,8400460-2784-1
9H.W1KQD.WQ2,8400460-2783-4
9H.W1KQD.WQ3,8400460-2782-7
9H.W1KQD.WQ4,8400460-2786-5
9H.W1KQD.WQ5,8400460-2781-0
9H.W1LQD.WQ1,8400460-2768-1
9H.W1LQD.WQ2,8400460-2767-4
9H.W1LQD.WQ3,8400460-2766-7
9H.W1LQD.WQ4,8400460-2765-0
9H.W1LQD.WQ5,8400460-2764-3
9H.W1LQD.WQ6,8400460-2763-6
9H.W1MQD.WQ1,8400460-2762-9
9H.W1MQD.WQ2,8400460-2761-2
9H.W1MQD.WQ3,8400460-2760-5
9H.W1MQD.WQ4,8400460-2759-9
9H.W1NQD.AQ1,8400460-2780-3
9H.W1NQD.AQ2,8400460-2778-0
9H.W1NQD.EQ2,8400460-2805-3
9H.W1PQD.AQ1,8400460-2777-3
9H.W1PQD.AQ2,8400460-2776-6
9H.W1PQD.AQ3,8400460-2775-9
9H.W1PQD.WQ1,8400460-2774-2
9H.W1RQD.AQ1,8400460-2779-7
9H.W1SQD.AQ1,8400460-2773-5
9H.W1SQD.AQ2,8400460-2771-1
9H.W1SQD.EQ2,8400460-2804-6
9H.W1SQD.WQ1,8400460-2772-8
9H.W1TQD.WQ1,8400460-2770-4
9H.W1TQD.WQ2,8400460-2769-8
9H.W1TQD.WQ3,8400460-2813-8
9H.W2YQD.WQ1,8400460-2926-5
9H.W31QD.WQ1,8400460-2969-2
9H.W3DQD.WQ2,8400460-3114-5
9H.W3DQD.WQ3,8400460-3113-8
9H.W3DQD.WQ4,8400460-3222-7
9H.W3EQD.AQ1,8400460-3144-2
9H.W3EQD.WQ1,8400460-3115-2
9H.W3GQD.AQ1,8400460-3223-4
9H.W3HQD.AQ1,8400460-3226-5
9H.W3HQD.AQ2,8400460-3225-8
9H.W3HQD.WQ1,8400460-3226-5
9H.W3HQD.WQ2,8400460-3225-8
9H.W3PQD.WQ5,8400460-3352-1
9H.Y0PLB.HBA,8400460-2030-9
9H.Y0PLN.IBA,8400460-1936-5
9H.Y1J77.17G,8400460-3397-2
9H.Y1J77.17W,8400460-3345-3
9H.Y29US.E01,8400460-1979-2
9H.Y3ULA.TWA,8400460-1591-6
9H.Y3VLN.IBA,8400460-1520-6
9H.Y3WLA.TBA,8400460-1522-0
9H.Y44LB.QBA,8400460-1539-8
9J.03V72.ASA,8400460-1749-1
9J.03V72.PBA,8400460-9678-6
9J.03V72.UBA,8400460-1793-4
9J.06277.B9A,8400460-1876-4
9J.06W77.B1A,8400460-1902-0
9J.0AD33.KBA,8400460-1940-2
9J.0BJ72.JBA,8400460-1898-6
9J.0CA72.ABA,8400460-1899-3
9J.J0C77.B5A,8400460-0868-0
9J.J1B77.B5A,8400460-1273-1
9J.J1S77.B5A,8400460-1562-6
9J.J2G77.B1A,8400460-1610-4
9J.J2H77.B1A,8400460-1609-8
9J.J2K77.B5A,8400460-1817-7
9J.L1C72.THA,8400460-1134-5
9J.L2C72.BBA,8400460-1867-2
9J.L2C72.LBA,8400460-1867-2
9J.L2E72.SBA,8400460-1779-8
9J.L2R72.ABA,8400460-1651-7
9J.L2R72.VSA,8400460-1790-3
9J.L2R72.ZBA,8400460-1728-6
9J.L2T72.CSA,8400460-1752-1
CS.59J0Y.1B1,8400460-1174-1
CS.59J99.1B1,8400460-1547-3
CS.5J0DJ.001,8400460-1912-9
CS.5JJ0V.001,8400460-1472-8
CS.5JJ1K.001,8400460-1378-3
CS.5JJ2F.001,8400460-1473-5
